case_id,claim_type,claim_amount_band,region,judgment_elapsed_band,debtor_type,debtor_contact_status,asset_signal,income_signal,enforcement_title_confirmed,service_status,known_bank,known_employer,known_real_estate,known_vehicle,priority_right_risk,expected_cost_band,selected_action,process_status,outcome_status,recovery_rate_band,duration_band,actual_cost_band,failure_reason,result_source,followup_stage,rule_score,rule_grade,is_dummy
DUMMY-0001,기타,100만 원 미만,강원·제주,1~2년,개인,연락 불안정,약함,없음,Y,정상,Y,Y,Unknown,N,낮음,10만 원 미만,예금채권 압류 검토,완료,success_partial,25% 미만,1년 이상,30만~50만 원,,synthetic,등록 직후,68,B,Y
DUMMY-0002,손해배상,300만~500만 원,수도권,1~2년,개인,소재 불명,있음,없음,Y,정상,N,N,N,Unknown,낮음,10만~30만 원,재산명시·조회 검토,완료,success_partial,25% 미만,3~6개월,30만~50만 원,,synthetic,12개월,58,B,Y
DUMMY-0003,매매대금,300만~500만 원,호남권,3개월 미만,법인,소재 불명,없음,없음,Y,정상,N,Unknown,Unknown,Unknown,확인 필요,30만~50만 원,재산명시·조회 검토,완료,fail_confirmed,해당 없음,1~3개월,10만~30만 원,비용 부담,synthetic,30일,35,C,Y
DUMMY-0004,매매대금,300만~500만 원,호남권,3~6개월,법인,연락 불안정,약함,없음,Y,정상,Unknown,N,N,N,확인 필요,30만~50만 원,재산명시·조회 검토,완료,fail_confirmed,해당 없음,6개월~1년,50만 원 이상,재산 없음,synthetic,30일,44,C,Y
DUMMY-0005,대여금,100만 원 미만,충청권,1~2년,법인,연락 가능,없음,없음,Y,정상,N,N,N,Unknown,높음,10만~30만 원,재산명시·조회 검토,완료,fail_confirmed,해당 없음,6개월~1년,50만 원 이상,재산 없음,synthetic,12개월,25,C,Y
DUMMY-0006,손해배상,100만 원 미만,영남권,3개월 미만,법인,소재 불명,있음,약함,Y,정상,Unknown,Unknown,Y,Unknown,낮음,10만~30만 원,부동산 집행 검토,완료,success_full,100%,3~6개월,10만~30만 원,,synthetic,12개월,77,A,Y
DUMMY-0007,용역대금,100만~300만 원,수도권,3개월 미만,개인사업자,연락 불안정,있음,있음,Y,정상,Y,N,N,Y,확인 필요,10만~30만 원,예금채권 압류 검토,완료,success_full,100%,1~3개월,10만 원 미만,,synthetic,30일,82,A,Y
DUMMY-0008,기타,100만~300만 원,충청권,2년 이상,법인,소재 불명,있음,있음,Y,정상,Y,N,Y,Unknown,확인 필요,10만~30만 원,예금채권 압류 검토,완료,success_full,100%,1~3개월,30만~50만 원,,synthetic,6개월,85,A,Y
DUMMY-0009,매매대금,100만 원 미만,수도권,6개월~1년,개인,소재 불명,있음,약함,Y,정상,N,N,Y,N,낮음,10만 원 미만,부동산 집행 검토,완료,success_partial,25% 미만,1~3개월,30만~50만 원,,synthetic,6개월,74,B,Y
DUMMY-0010,대여금,300만~500만 원,수도권,3개월 미만,개인사업자,소재 불명,없음,없음,Y,정상,Unknown,N,N,Unknown,낮음,10만~30만 원,재산명시·조회 검토,중단,abandoned,해당 없음,3~6개월,10만 원 미만,장기 소요,synthetic,30일,43,C,Y
DUMMY-0011,기타,100만 원 미만,수도권,3~6개월,개인,연락 불안정,없음,약함,Y,불안정,Y,Y,N,Unknown,높음,10만 원 미만,예금채권 압류 검토,진행 중,in_progress,해당 없음,6개월~1년,50만 원 이상,,synthetic,30일,51,C,Y
DUMMY-0012,손해배상,100만 원 미만,충청권,6개월~1년,개인,연락 가능,있음,있음,Y,정상,Y,Y,N,Unknown,확인 필요,30만~50만 원,예금채권 압류 검토,진행 중,in_progress,해당 없음,1년 이상,10만 원 미만,,synthetic,60일,83,A,Y
DUMMY-0013,기타,100만 원 미만,강원·제주,2년 이상,개인,소재 불명,없음,약함,Y,정상,N,Unknown,N,Unknown,확인 필요,10만~30만 원,재산명시·조회 검토,완료,fail_confirmed,해당 없음,1개월 미만,50만 원 이상,재산 없음,synthetic,12개월,43,C,Y
DUMMY-0014,손해배상,300만~500만 원,강원·제주,3개월 미만,개인,소재 불명,약함,약함,Y,정상,Y,N,N,N,확인 필요,50만 원 이상,예금채권 압류 검토,완료,success_partial,25% 미만,1~3개월,30만~50만 원,,synthetic,30일,52,C,Y
DUMMY-0015,대여금,100만 원 미만,호남권,3개월 미만,개인,소재 불명,있음,있음,Y,정상,Unknown,N,N,Unknown,높음,10만~30만 원,재산명시·조회 검토,완료,success_partial,50~75%,1년 이상,10만~30만 원,,synthetic,60일,60,B,Y
DUMMY-0016,대여금,100만~300만 원,충청권,6개월~1년,개인,소재 불명,없음,없음,Y,소재 불명,Y,N,Unknown,N,낮음,10만~30만 원,예금채권 압류 검토,완료,success_partial,25% 미만,6개월~1년,50만 원 이상,,synthetic,12개월,50,C,Y
DUMMY-0017,용역대금,100만 원 미만,충청권,3개월 미만,개인사업자,소재 불명,없음,없음,Y,정상,Unknown,Unknown,N,Unknown,낮음,10만~30만 원,재산명시·조회 검토,완료,success_partial,25% 미만,6개월~1년,10만~30만 원,,synthetic,30일,45,C,Y
DUMMY-0018,용역대금,100만 원 미만,수도권,1~2년,개인,연락 불안정,있음,있음,Y,소재 불명,Unknown,Unknown,Y,Unknown,확인 필요,30만~50만 원,부동산 집행 검토,진행 중,in_progress,해당 없음,1~3개월,10만~30만 원,,synthetic,6개월,78,A,Y
DUMMY-0019,기타,100만~300만 원,수도권,3개월 미만,개인사업자,연락 가능,없음,있음,Y,정상,Unknown,Y,N,N,확인 필요,10만~30만 원,급여채권 압류 검토,진행 중,in_progress,해당 없음,1년 이상,30만~50만 원,,synthetic,등록 직후,60,B,Y
DUMMY-0020,매매대금,100만~300만 원,영남권,3개월 미만,법인,연락 불안정,없음,약함,Y,정상,Unknown,N,N,N,낮음,30만~50만 원,재산명시·조회 검토,완료,fail_confirmed,해당 없음,1년 이상,30만~50만 원,복합 사유,synthetic,등록 직후,47,C,Y
DUMMY-0021,기타,100만~300만 원,영남권,2년 이상,개인,연락 불안정,있음,약함,Y,정상,Y,N,N,N,높음,10만~30만 원,예금채권 압류 검토,중단,abandoned,해당 없음,3~6개월,10만~30만 원,복합 사유,synthetic,6개월,59,B,Y
DUMMY-0022,대여금,100만 원 미만,호남권,3~6개월,개인,연락 가능,있음,약함,Y,소재 불명,Y,N,N,N,확인 필요,10만~30만 원,예금채권 압류 검토,완료,success_partial,50~75%,1개월 미만,10만 원 미만,,synthetic,30일,69,B,Y
DUMMY-0023,대여금,100만~300만 원,충청권,3~6개월,법인,소재 불명,있음,약함,Y,정상,Unknown,N,Unknown,N,낮음,10만 원 미만,재산명시·조회 검토,진행 중,in_progress,해당 없음,6개월~1년,10만 원 미만,,synthetic,12개월,69,B,Y
DUMMY-0024,기타,100만~300만 원,강원·제주,1~2년,개인,소재 불명,없음,있음,Y,소재 불명,N,Unknown,N,Unknown,높음,10만~30만 원,재산명시·조회 검토,진행 중,in_progress,해당 없음,6개월~1년,50만 원 이상,,synthetic,60일,41,C,Y
DUMMY-0025,대여금,100만 원 미만,충청권,3~6개월,개인사업자,소재 불명,있음,있음,Y,불안정,Y,Unknown,N,N,낮음,10만~30만 원,예금채권 압류 검토,진행 중,in_progress,해당 없음,1~3개월,10만~30만 원,,synthetic,등록 직후,84,A,Y
DUMMY-0026,손해배상,100만 원 미만,호남권,6개월~1년,개인사업자,연락 불안정,약함,약함,Y,소재 불명,N,Y,Unknown,N,낮음,30만~50만 원,급여채권 압류 검토,진행 중,in_progress,해당 없음,1년 이상,10만~30만 원,,synthetic,6개월,60,B,Y
DUMMY-0027,기타,300만~500만 원,수도권,3개월 미만,법인,연락 불안정,없음,약함,Y,정상,Y,N,N,N,낮음,10만~30만 원,예금채권 압류 검토,완료,success_partial,75% 이상,1~3개월,50만 원 이상,,synthetic,30일,56,B,Y
DUMMY-0028,용역대금,100만 원 미만,수도권,3개월 미만,개인,연락 가능,없음,약함,Y,불안정,Y,N,Unknown,N,낮음,10만 원 미만,예금채권 압류 검토,완료,success_partial,25% 미만,1~3개월,10만 원 미만,,synthetic,12개월,58,B,Y
DUMMY-0029,용역대금,100만 원 미만,강원·제주,3개월 미만,개인사업자,소재 불명,없음,없음,Y,정상,N,N,N,N,확인 필요,30만~50만 원,재산명시·조회 검토,완료,fail_confirmed,해당 없음,6개월~1년,50만 원 이상,소재 불명,synthetic,30일,33,C,Y
DUMMY-0030,용역대금,100만 원 미만,강원·제주,6개월~1년,개인,연락 불안정,없음,있음,Y,정상,N,Y,Unknown,Unknown,높음,30만~50만 원,급여채권 압류 검토,완료,fail_confirmed,해당 없음,6개월~1년,10만 원 미만,장기 소요,synthetic,6개월,45,C,Y
DUMMY-0031,기타,100만~300만 원,호남권,3~6개월,개인,연락 불안정,있음,약함,N,정상,Unknown,Unknown,N,Unknown,확인 필요,10만~30만 원,재산명시·조회 검토,중단,abandoned,해당 없음,6개월~1년,10만~30만 원,장기 소요,synthetic,6개월,41,C,Y
DUMMY-0032,대여금,300만~500만 원,충청권,3개월 미만,개인,소재 불명,약함,있음,Y,정상,Y,N,N,N,낮음,10만~30만 원,예금채권 압류 검토,완료,fail_confirmed,해당 없음,6개월~1년,50만 원 이상,복합 사유,synthetic,12개월,72,B,Y
DUMMY-0033,손해배상,300만~500만 원,강원·제주,6개월~1년,개인사업자,소재 불명,있음,있음,Y,불안정,N,N,Unknown,Y,낮음,10만~30만 원,자동차 집행 검토,완료,success_partial,50~75%,6개월~1년,30만~50만 원,,synthetic,60일,77,A,Y
DUMMY-0034,기타,300만~500만 원,호남권,3개월 미만,개인,연락 불안정,없음,없음,Y,정상,Y,Y,N,Unknown,확인 필요,30만~50만 원,예금채권 압류 검토,진행 중,unresolved,해당 없음,1~3개월,30만~50만 원,,synthetic,30일,51,C,Y
DUMMY-0035,손해배상,100만~300만 원,영남권,6개월~1년,개인,연락 가능,없음,있음,N,정상,Y,Y,Y,N,확인 필요,10만 원 미만,예금채권 압류 검토,완료,fail_confirmed,해당 없음,3~6개월,50만 원 이상,비용 부담,synthetic,등록 직후,54,C,Y
DUMMY-0036,기타,300만~500만 원,충청권,2년 이상,개인사업자,연락 불안정,있음,약함,Y,정상,Y,N,Y,Y,높음,10만 원 미만,예금채권 압류 검토,완료,fail_confirmed,해당 없음,6개월~1년,30만~50만 원,복합 사유,synthetic,12개월,74,B,Y
DUMMY-0037,매매대금,100만 원 미만,영남권,1~2년,법인,소재 불명,있음,약함,Y,정상,N,N,Unknown,Unknown,확인 필요,10만 원 미만,재산명시·조회 검토,완료,success_partial,25% 미만,6개월~1년,30만~50만 원,,synthetic,등록 직후,61,B,Y
DUMMY-0038,매매대금,300만~500만 원,충청권,6개월~1년,개인,연락 가능,없음,있음,Y,정상,Unknown,N,N,Unknown,확인 필요,50만 원 이상,재산명시·조회 검토,중단,abandoned,해당 없음,1개월 미만,10만~30만 원,복합 사유,synthetic,60일,45,C,Y
DUMMY-0039,손해배상,300만~500만 원,호남권,2년 이상,개인사업자,연락 가능,약함,있음,Y,정상,Unknown,N,N,N,확인 필요,10만~30만 원,재산명시·조회 검토,진행 중,in_progress,해당 없음,1개월 미만,10만~30만 원,,synthetic,12개월,60,B,Y
DUMMY-0040,손해배상,300만~500만 원,영남권,3개월 미만,개인사업자,연락 불안정,약함,없음,Y,정상,Unknown,Unknown,N,Unknown,낮음,10만~30만 원,재산명시·조회 검토,진행 중,unresolved,해당 없음,6개월~1년,30만~50만 원,,synthetic,60일,53,C,Y
DUMMY-0041,손해배상,300만~500만 원,수도권,2년 이상,개인사업자,연락 불안정,있음,있음,Y,정상,Y,N,N,Unknown,확인 필요,10만~30만 원,예금채권 압류 검토,완료,success_full,100%,1개월 미만,10만~30만 원,,synthetic,12개월,77,A,Y
DUMMY-0042,기타,100만 원 미만,충청권,6개월~1년,법인,연락 가능,약함,있음,N,정상,N,Unknown,N,N,확인 필요,10만 원 미만,재산명시·조회 검토,진행 중,unresolved,해당 없음,1년 이상,50만 원 이상,,synthetic,등록 직후,38,C,Y
DUMMY-0043,매매대금,100만~300만 원,강원·제주,3~6개월,개인사업자,연락 가능,없음,있음,N,정상,Y,Unknown,N,Y,확인 필요,10만~30만 원,예금채권 압류 검토,중단,abandoned,해당 없음,1년 이상,10만~30만 원,장기 소요,synthetic,등록 직후,43,C,Y
DUMMY-0044,손해배상,300만~500만 원,영남권,6개월~1년,개인사업자,소재 불명,없음,있음,Y,정상,N,Unknown,N,Unknown,확인 필요,50만 원 이상,재산명시·조회 검토,중단,abandoned,해당 없음,1년 이상,50만 원 이상,소재 불명,synthetic,6개월,44,C,Y
DUMMY-0045,매매대금,100만~300만 원,수도권,3~6개월,법인,소재 불명,있음,있음,Y,정상,Unknown,Y,N,Unknown,확인 필요,30만~50만 원,급여채권 압류 검토,완료,success_full,100%,3~6개월,10만 원 미만,,synthetic,6개월,76,A,Y
DUMMY-0046,대여금,100만~300만 원,강원·제주,1~2년,개인사업자,소재 불명,없음,있음,Y,불안정,Y,Y,Unknown,Unknown,낮음,10만~30만 원,예금채권 압류 검토,완료,success_full,100%,6개월~1년,10만 원 미만,,synthetic,12개월,72,B,Y
DUMMY-0047,대여금,100만 원 미만,호남권,3개월 미만,개인사업자,연락 불안정,없음,약함,Y,정상,Unknown,Unknown,Unknown,N,높음,10만~30만 원,재산명시·조회 검토,진행 중,in_progress,해당 없음,3~6개월,50만 원 이상,,synthetic,30일,36,C,Y
DUMMY-0048,손해배상,100만~300만 원,수도권,1~2년,개인사업자,소재 불명,없음,약함,Y,불안정,N,Y,N,N,확인 필요,10만~30만 원,급여채권 압류 검토,완료,fail_confirmed,해당 없음,1년 이상,10만~30만 원,비용 부담,synthetic,등록 직후,49,C,Y
DUMMY-0049,용역대금,300만~500만 원,호남권,6개월~1년,개인,소재 불명,약함,약함,Y,정상,N,N,N,N,낮음,10만~30만 원,재산명시·조회 검토,완료,fail_confirmed,해당 없음,6개월~1년,30만~50만 원,복합 사유,synthetic,등록 직후,54,C,Y
DUMMY-0050,매매대금,300만~500만 원,호남권,3~6개월,법인,연락 가능,약함,있음,Y,정상,Unknown,Y,N,N,확인 필요,10만~30만 원,급여채권 압류 검토,완료,success_full,100%,1개월 미만,30만~50만 원,,synthetic,6개월,68,B,Y
DUMMY-0051,매매대금,100만~300만 원,영남권,6개월~1년,법인,연락 불안정,없음,약함,Y,불안정,Y,Unknown,N,N,높음,10만~30만 원,예금채권 압류 검토,중단,abandoned,해당 없음,1개월 미만,50만 원 이상,비용 부담,synthetic,등록 직후,43,C,Y
DUMMY-0052,손해배상,100만~300만 원,호남권,2년 이상,개인사업자,소재 불명,없음,있음,Y,정상,Unknown,Unknown,Unknown,Unknown,확인 필요,10만 원 미만,재산명시·조회 검토,진행 중,in_progress,해당 없음,3~6개월,10만 원 미만,,synthetic,30일,56,B,Y
DUMMY-0053,대여금,100만~300만 원,영남권,3개월 미만,개인,연락 가능,약함,약함,Y,정상,Unknown,N,N,N,확인 필요,10만~30만 원,재산명시·조회 검토,완료,fail_confirmed,해당 없음,1년 이상,10만~30만 원,재산 없음,synthetic,6개월,52,C,Y
DUMMY-0054,용역대금,100만 원 미만,호남권,3~6개월,개인사업자,연락 불안정,약함,있음,Y,정상,Unknown,Unknown,N,Unknown,낮음,10만~30만 원,재산명시·조회 검토,완료,success_full,100%,1~3개월,30만~50만 원,,synthetic,등록 직후,67,B,Y
DUMMY-0055,대여금,100만 원 미만,호남권,3~6개월,개인,소재 불명,있음,약함,N,소재 불명,Unknown,N,Y,N,확인 필요,10만 원 미만,부동산 집행 검토,완료,fail_confirmed,해당 없음,1~3개월,10만 원 미만,복합 사유,synthetic,12개월,49,C,Y
DUMMY-0056,대여금,300만~500만 원,수도권,3~6개월,개인,연락 불안정,없음,없음,Y,불안정,Unknown,N,Y,Unknown,낮음,10만 원 미만,부동산 집행 검토,완료,fail_confirmed,해당 없음,1~3개월,30만~50만 원,소재 불명,synthetic,등록 직후,53,C,Y
DUMMY-0057,기타,100만~300만 원,영남권,3개월 미만,개인,연락 불안정,없음,없음,Y,정상,Unknown,N,Unknown,N,낮음,10만~30만 원,재산명시·조회 검토,완료,success_partial,25% 미만,6개월~1년,50만 원 이상,,synthetic,등록 직후,43,C,Y
DUMMY-0058,용역대금,100만~300만 원,강원·제주,2년 이상,개인사업자,연락 가능,약함,있음,Y,정상,Y,Y,N,Y,확인 필요,10만~30만 원,예금채권 압류 검토,완료,fail_confirmed,해당 없음,1개월 미만,10만~30만 원,복합 사유,synthetic,6개월,80,A,Y
DUMMY-0059,대여금,100만 원 미만,수도권,1~2년,개인,소재 불명,약함,없음,Y,불안정,Y,N,N,Y,낮음,10만 원 미만,예금채권 압류 검토,중단,abandoned,해당 없음,3~6개월,10만~30만 원,재산 없음,synthetic,12개월,65,B,Y
DUMMY-0060,용역대금,100만 원 미만,강원·제주,2년 이상,개인,연락 가능,없음,있음,N,정상,N,N,N,Unknown,높음,10만 원 미만,재산명시·조회 검토,완료,fail_confirmed,해당 없음,6개월~1년,10만~30만 원,비용 부담,synthetic,등록 직후,18,C,Y
DUMMY-0061,기타,300만~500만 원,호남권,3개월 미만,개인,연락 불안정,약함,약함,Y,불안정,Y,N,N,N,확인 필요,10만~30만 원,예금채권 압류 검토,진행 중,in_progress,해당 없음,3~6개월,30만~50만 원,,synthetic,60일,59,B,Y
DUMMY-0062,용역대금,300만~500만 원,호남권,2년 이상,법인,연락 가능,없음,있음,Y,불안정,N,N,Y,N,낮음,10만~30만 원,부동산 집행 검토,완료,success_partial,50~75%,1개월 미만,10만~30만 원,,synthetic,30일,62,B,Y
DUMMY-0063,기타,300만~500만 원,호남권,3개월 미만,개인,연락 불안정,있음,없음,Y,정상,Y,N,N,N,확인 필요,10만~30만 원,예금채권 압류 검토,완료,success_partial,75% 이상,1년 이상,10만 원 미만,,synthetic,등록 직후,63,B,Y
DUMMY-0064,대여금,100만~300만 원,수도권,1~2년,개인,연락 불안정,없음,있음,Y,정상,Unknown,Unknown,N,Y,낮음,10만~30만 원,자동차 집행 검토,완료,success_partial,50~75%,1개월 미만,30만~50만 원,,synthetic,12개월,64,B,Y
DUMMY-0065,대여금,100만 원 미만,영남권,2년 이상,개인사업자,소재 불명,약함,약함,Y,소재 불명,N,N,N,Unknown,확인 필요,10만~30만 원,재산명시·조회 검토,완료,fail_confirmed,해당 없음,1개월 미만,50만 원 이상,장기 소요,synthetic,60일,49,C,Y
DUMMY-0066,매매대금,100만 원 미만,수도권,3~6개월,개인사업자,연락 가능,있음,없음,Y,불안정,Unknown,Y,N,N,낮음,50만 원 이상,급여채권 압류 검토,진행 중,in_progress,해당 없음,1~3개월,10만~30만 원,,synthetic,등록 직후,62,B,Y
DUMMY-0067,매매대금,100만~300만 원,수도권,1~2년,개인사업자,소재 불명,없음,있음,N,정상,N,Unknown,Unknown,N,확인 필요,10만~30만 원,재산명시·조회 검토,완료,success_partial,50~75%,3~6개월,30만~50만 원,,synthetic,12개월,28,C,Y
DUMMY-0068,기타,300만~500만 원,수도권,1~2년,법인,소재 불명,없음,약함,Y,불안정,Y,N,Y,Unknown,높음,10만~30만 원,예금채권 압류 검토,중단,abandoned,해당 없음,1~3개월,30만~50만 원,장기 소요,synthetic,12개월,49,C,Y
DUMMY-0069,손해배상,300만~500만 원,강원·제주,2년 이상,개인,연락 불안정,약함,없음,Y,정상,Y,Y,Unknown,N,낮음,10만 원 미만,예금채권 압류 검토,완료,success_full,100%,3~6개월,30만~50만 원,,synthetic,6개월,68,B,Y
DUMMY-0070,기타,100만 원 미만,호남권,3개월 미만,법인,소재 불명,약함,약함,Y,불안정,N,Unknown,N,Y,낮음,30만~50만 원,자동차 집행 검토,진행 중,in_progress,해당 없음,1~3개월,30만~50만 원,,synthetic,60일,59,B,Y
DUMMY-0071,대여금,300만~500만 원,영남권,2년 이상,개인사업자,연락 가능,있음,있음,Y,불안정,N,N,Unknown,N,확인 필요,10만~30만 원,재산명시·조회 검토,완료,fail_confirmed,해당 없음,3~6개월,30만~50만 원,복합 사유,synthetic,30일,67,B,Y
DUMMY-0072,용역대금,300만~500만 원,충청권,2년 이상,개인사업자,연락 가능,있음,약함,Y,불안정,Unknown,Y,Unknown,Y,확인 필요,10만~30만 원,급여채권 압류 검토,완료,success_partial,25% 미만,1~3개월,10만~30만 원,,synthetic,12개월,75,A,Y
DUMMY-0073,손해배상,100만 원 미만,호남권,2년 이상,개인사업자,연락 불안정,있음,없음,Y,정상,N,N,N,N,확인 필요,10만~30만 원,재산명시·조회 검토,중단,abandoned,해당 없음,3~6개월,50만 원 이상,비용 부담,synthetic,12개월,53,C,Y
DUMMY-0074,용역대금,100만 원 미만,충청권,6개월~1년,개인사업자,소재 불명,약함,있음,Y,소재 불명,Unknown,Unknown,Y,N,확인 필요,10만 원 미만,부동산 집행 검토,완료,fail_confirmed,해당 없음,1~3개월,50만 원 이상,재산 없음,synthetic,등록 직후,72,B,Y
DUMMY-0075,용역대금,100만 원 미만,충청권,3개월 미만,개인사업자,연락 불안정,있음,없음,Y,정상,N,N,Y,Y,높음,10만~30만 원,부동산 집행 검토,완료,success_partial,25% 미만,1~3개월,50만 원 이상,,synthetic,6개월,56,B,Y
DUMMY-0076,매매대금,100만~300만 원,강원·제주,1~2년,개인,연락 가능,약함,있음,Y,정상,Y,Y,Y,Unknown,확인 필요,10만 원 미만,예금채권 압류 검토,완료,success_full,100%,6개월~1년,10만 원 미만,,synthetic,12개월,85,A,Y
DUMMY-0077,기타,300만~500만 원,강원·제주,3개월 미만,개인사업자,연락 불안정,약함,있음,Y,불안정,Y,Y,N,N,확인 필요,10만~30만 원,예금채권 압류 검토,완료,fail_confirmed,해당 없음,1개월 미만,50만 원 이상,복합 사유,synthetic,60일,75,A,Y
DUMMY-0078,손해배상,300만~500만 원,영남권,3~6개월,개인,연락 가능,없음,없음,Y,불안정,Unknown,N,Unknown,N,낮음,10만 원 미만,재산명시·조회 검토,중단,abandoned,해당 없음,6개월~1년,10만 원 미만,소재 불명,synthetic,60일,45,C,Y
DUMMY-0079,용역대금,100만~300만 원,수도권,6개월~1년,개인사업자,연락 불안정,없음,있음,Y,정상,Unknown,N,N,N,낮음,10만~30만 원,재산명시·조회 검토,완료,success_partial,25% 미만,6개월~1년,50만 원 이상,,synthetic,60일,57,B,Y
DUMMY-0080,용역대금,100만 원 미만,수도권,6개월~1년,법인,연락 불안정,있음,약함,Y,정상,N,Unknown,N,Unknown,확인 필요,30만~50만 원,재산명시·조회 검토,진행 중,in_progress,해당 없음,3~6개월,50만 원 이상,,synthetic,12개월,59,B,Y
DUMMY-0081,손해배상,100만~300만 원,강원·제주,3~6개월,개인,연락 가능,있음,없음,Y,정상,N,N,Unknown,Unknown,확인 필요,30만~50만 원,재산명시·조회 검토,진행 중,in_progress,해당 없음,1년 이상,50만 원 이상,,synthetic,등록 직후,51,C,Y
DUMMY-0082,용역대금,100만~300만 원,호남권,6개월~1년,개인,연락 가능,없음,없음,Y,정상,N,N,Unknown,Y,낮음,10만~30만 원,자동차 집행 검토,완료,success_full,100%,1개월 미만,10만~30만 원,,synthetic,6개월,45,C,Y
DUMMY-0083,매매대금,300만~500만 원,영남권,3개월 미만,법인,연락 불안정,약함,있음,Y,불안정,Y,Unknown,Unknown,N,높음,10만 원 미만,예금채권 압류 검토,완료,success_full,100%,3~6개월,10만 원 미만,,synthetic,12개월,61,B,Y
DUMMY-0084,용역대금,300만~500만 원,강원·제주,6개월~1년,개인사업자,소재 불명,약함,있음,Y,정상,Unknown,Unknown,Unknown,N,낮음,10만 원 미만,재산명시·조회 검토,중단,abandoned,해당 없음,1~3개월,10만 원 미만,재산 없음,synthetic,등록 직후,69,B,Y
DUMMY-0085,매매대금,100만~300만 원,강원·제주,3개월 미만,개인,소재 불명,없음,있음,Y,소재 불명,Unknown,N,Unknown,Unknown,확인 필요,10만~30만 원,재산명시·조회 검토,완료,success_partial,25~50%,1~3개월,30만~50만 원,,synthetic,30일,52,C,Y
DUMMY-0086,대여금,300만~500만 원,충청권,2년 이상,법인,연락 가능,없음,있음,Y,정상,Y,Unknown,N,N,높음,10만~30만 원,예금채권 압류 검토,진행 중,in_progress,해당 없음,1~3개월,30만~50만 원,,synthetic,12개월,51,C,Y
DUMMY-0087,용역대금,100만~300만 원,충청권,1~2년,개인사업자,연락 불안정,없음,있음,Y,정상,Y,Unknown,Unknown,N,확인 필요,10만 원 미만,예금채권 압류 검토,진행 중,in_progress,해당 없음,1개월 미만,10만 원 미만,,synthetic,30일,63,B,Y
DUMMY-0088,용역대금,100만 원 미만,영남권,3개월 미만,개인사업자,연락 불안정,약함,약함,Y,불안정,Y,N,N,Unknown,높음,10만 원 미만,예금채권 압류 검토,진행 중,in_progress,해당 없음,1~3개월,10만~30만 원,,synthetic,등록 직후,51,C,Y
DUMMY-0089,손해배상,100만~300만 원,호남권,1~2년,개인,연락 가능,없음,있음,Y,소재 불명,Unknown,N,Unknown,Unknown,확인 필요,10만 원 미만,재산명시·조회 검토,진행 중,unresolved,해당 없음,6개월~1년,50만 원 이상,,synthetic,30일,54,C,Y
DUMMY-0090,손해배상,100만~300만 원,수도권,1~2년,개인,소재 불명,없음,약함,Y,정상,Y,N,Unknown,N,확인 필요,10만~30만 원,예금채권 압류 검토,진행 중,in_progress,해당 없음,1년 이상,10만~30만 원,,synthetic,60일,51,C,Y
DUMMY-0091,매매대금,100만 원 미만,강원·제주,2년 이상,개인사업자,소재 불명,약함,없음,Y,정상,N,Unknown,N,Unknown,높음,10만~30만 원,재산명시·조회 검토,완료,success_partial,50~75%,1개월 미만,10만 원 미만,,synthetic,등록 직후,35,C,Y
DUMMY-0092,기타,300만~500만 원,강원·제주,1~2년,법인,소재 불명,없음,약함,Y,정상,N,N,N,N,낮음,50만 원 이상,재산명시·조회 검토,완료,success_partial,50~75%,3~6개월,50만 원 이상,,synthetic,등록 직후,39,C,Y
DUMMY-0093,기타,100만 원 미만,수도권,2년 이상,개인사업자,연락 가능,약함,있음,Y,정상,Unknown,N,Unknown,Unknown,확인 필요,50만 원 이상,재산명시·조회 검토,진행 중,in_progress,해당 없음,1년 이상,50만 원 이상,,synthetic,30일,53,C,Y
DUMMY-0094,매매대금,300만~500만 원,충청권,2년 이상,개인사업자,소재 불명,있음,없음,Y,정상,N,Unknown,N,N,낮음,10만~30만 원,재산명시·조회 검토,완료,fail_confirmed,해당 없음,6개월~1년,50만 원 이상,재산 없음,synthetic,60일,60,B,Y
DUMMY-0095,매매대금,100만~300만 원,호남권,3~6개월,법인,소재 불명,있음,약함,Y,불안정,N,N,N,Unknown,낮음,10만~30만 원,재산명시·조회 검토,완료,success_partial,50~75%,6개월~1년,30만~50만 원,,synthetic,6개월,64,B,Y
DUMMY-0096,대여금,100만~300만 원,영남권,6개월~1년,법인,연락 불안정,없음,있음,Y,소재 불명,Unknown,N,Y,N,확인 필요,50만 원 이상,부동산 집행 검토,완료,success_partial,50~75%,1~3개월,10만~30만 원,,synthetic,12개월,53,C,Y
DUMMY-0097,대여금,300만~500만 원,충청권,3개월 미만,법인,연락 가능,없음,약함,Y,소재 불명,Y,Y,Unknown,N,낮음,10만 원 미만,예금채권 압류 검토,완료,success_partial,75% 이상,6개월~1년,50만 원 이상,,synthetic,6개월,66,B,Y
DUMMY-0098,손해배상,100만 원 미만,수도권,1~2년,개인사업자,연락 가능,있음,있음,Y,정상,Y,N,Y,Unknown,확인 필요,30만~50만 원,예금채권 압류 검토,진행 중,unresolved,해당 없음,3~6개월,10만 원 미만,,synthetic,등록 직후,83,A,Y
DUMMY-0099,매매대금,300만~500만 원,영남권,6개월~1년,법인,연락 가능,없음,약함,Y,소재 불명,Unknown,N,N,N,낮음,10만~30만 원,재산명시·조회 검토,중단,abandoned,해당 없음,1개월 미만,30만~50만 원,비용 부담,synthetic,60일,49,C,Y
DUMMY-0100,대여금,100만~300만 원,영남권,3~6개월,개인사업자,연락 불안정,약함,있음,Y,정상,Y,Unknown,Unknown,Unknown,확인 필요,10만 원 미만,예금채권 압류 검토,완료,success_partial,25~50%,3~6개월,30만~50만 원,,synthetic,12개월,71,B,Y
DUMMY-0101,용역대금,100만~300만 원,강원·제주,3~6개월,개인,연락 가능,있음,없음,Y,정상,N,N,Y,Y,확인 필요,30만~50만 원,부동산 집행 검토,완료,success_partial,25% 미만,6개월~1년,10만~30만 원,,synthetic,6개월,64,B,Y
DUMMY-0102,손해배상,300만~500만 원,호남권,3개월 미만,법인,연락 가능,있음,약함,Y,정상,N,N,N,N,낮음,30만~50만 원,재산명시·조회 검토,완료,success_full,100%,1개월 미만,10만~30만 원,,synthetic,12개월,62,B,Y
DUMMY-0103,대여금,300만~500만 원,영남권,6개월~1년,법인,연락 가능,약함,없음,Y,소재 불명,Unknown,N,N,Unknown,낮음,10만 원 미만,재산명시·조회 검토,완료,fail_confirmed,해당 없음,6개월~1년,30만~50만 원,복합 사유,synthetic,등록 직후,53,C,Y
DUMMY-0104,손해배상,100만~300만 원,영남권,1~2년,개인사업자,연락 불안정,있음,약함,N,정상,Y,N,Y,Unknown,높음,10만 원 미만,예금채권 압류 검토,진행 중,in_progress,해당 없음,1개월 미만,10만~30만 원,,synthetic,60일,46,C,Y
DUMMY-0105,매매대금,100만~300만 원,호남권,3~6개월,개인사업자,연락 가능,없음,있음,Y,소재 불명,N,Y,Unknown,Unknown,확인 필요,30만~50만 원,급여채권 압류 검토,완료,fail_confirmed,해당 없음,1개월 미만,10만 원 미만,소재 불명,synthetic,6개월,55,B,Y
DUMMY-0106,매매대금,100만 원 미만,충청권,2년 이상,개인사업자,연락 가능,약함,있음,Y,불안정,Unknown,Y,Y,N,높음,10만 원 미만,급여채권 압류 검토,완료,fail_confirmed,해당 없음,1년 이상,30만~50만 원,복합 사유,synthetic,12개월,68,B,Y
DUMMY-0107,손해배상,300만~500만 원,영남권,3개월 미만,개인사업자,소재 불명,약함,있음,Y,정상,Y,N,Y,N,낮음,50만 원 이상,예금채권 압류 검토,진행 중,unresolved,해당 없음,6개월~1년,30만~50만 원,,synthetic,6개월,73,B,Y
DUMMY-0108,매매대금,100만~300만 원,충청권,6개월~1년,개인,연락 불안정,약함,없음,Y,정상,Y,N,N,N,확인 필요,10만 원 미만,예금채권 압류 검토,완료,fail_confirmed,해당 없음,1개월 미만,50만 원 이상,복합 사유,synthetic,60일,55,B,Y
DUMMY-0109,용역대금,100만 원 미만,충청권,3~6개월,법인,연락 가능,없음,있음,Y,정상,Y,N,N,N,확인 필요,30만~50만 원,예금채권 압류 검토,완료,fail_confirmed,해당 없음,6개월~1년,10만~30만 원,비용 부담,synthetic,12개월,57,B,Y
DUMMY-0110,용역대금,100만 원 미만,호남권,6개월~1년,개인사업자,연락 가능,있음,약함,Y,정상,Y,N,N,N,낮음,30만~50만 원,예금채권 압류 검토,중단,abandoned,해당 없음,1년 이상,10만~30만 원,장기 소요,synthetic,30일,72,B,Y
DUMMY-0111,손해배상,100만~300만 원,충청권,6개월~1년,개인,연락 가능,없음,약함,Y,정상,N,Unknown,N,Y,낮음,10만~30만 원,자동차 집행 검토,완료,success_partial,75% 이상,1년 이상,50만 원 이상,,synthetic,30일,53,C,Y
DUMMY-0112,대여금,100만 원 미만,강원·제주,1~2년,개인사업자,연락 가능,있음,약함,N,불안정,N,Y,Y,Unknown,확인 필요,10만~30만 원,급여채권 압류 검토,완료,success_partial,25~50%,1년 이상,50만 원 이상,,synthetic,6개월,52,C,Y
DUMMY-0113,기타,100만 원 미만,충청권,3~6개월,법인,소재 불명,없음,약함,Y,정상,N,Y,Unknown,N,확인 필요,10만~30만 원,급여채권 압류 검토,완료,success_partial,25% 미만,3~6개월,30만~50만 원,,synthetic,60일,49,C,Y
DUMMY-0114,손해배상,100만~300만 원,영남권,2년 이상,개인사업자,연락 가능,있음,없음,Y,불안정,Unknown,N,N,N,낮음,50만 원 이상,재산명시·조회 검토,완료,success_full,100%,1개월 미만,10만~30만 원,,synthetic,등록 직후,54,C,Y
DUMMY-0115,대여금,300만~500만 원,호남권,2년 이상,법인,소재 불명,약함,약함,Y,정상,Unknown,N,Unknown,Y,낮음,30만~50만 원,자동차 집행 검토,완료,fail_confirmed,해당 없음,1개월 미만,10만~30만 원,재산 없음,synthetic,60일,60,B,Y
DUMMY-0116,손해배상,300만~500만 원,충청권,3개월 미만,법인,소재 불명,없음,없음,Y,정상,Y,Unknown,Unknown,Unknown,확인 필요,30만~50만 원,예금채권 압류 검토,진행 중,in_progress,해당 없음,3~6개월,10만 원 미만,,synthetic,등록 직후,45,C,Y
DUMMY-0117,손해배상,100만 원 미만,강원·제주,1~2년,개인,소재 불명,약함,있음,Y,정상,Y,Unknown,Unknown,N,낮음,50만 원 이상,예금채권 압류 검토,완료,fail_confirmed,해당 없음,3~6개월,10만~30만 원,장기 소요,synthetic,등록 직후,67,B,Y
DUMMY-0118,매매대금,100만~300만 원,영남권,2년 이상,법인,소재 불명,없음,없음,Y,정상,Unknown,N,Unknown,N,낮음,10만~30만 원,재산명시·조회 검토,완료,success_full,100%,6개월~1년,10만 원 미만,,synthetic,등록 직후,43,C,Y
DUMMY-0119,손해배상,100만 원 미만,충청권,6개월~1년,개인사업자,연락 불안정,없음,약함,Y,불안정,N,Unknown,Unknown,Y,확인 필요,10만~30만 원,자동차 집행 검토,완료,success_partial,25~50%,6개월~1년,10만~30만 원,,synthetic,등록 직후,48,C,Y
DUMMY-0120,손해배상,100만~300만 원,강원·제주,1~2년,개인사업자,연락 불안정,없음,없음,Y,정상,Y,Unknown,N,Unknown,확인 필요,10만~30만 원,예금채권 압류 검토,완료,success_full,100%,3~6개월,50만 원 이상,,synthetic,12개월,47,C,Y
